Array Type,Array,z,Root number,Previous sampling date,Current sampling date,Days since 11/04/2017,Days between sampling,Root previous length (cm),Root current length (cm),Root previous width (cm),Root current width (cm),Root previous volume (cm3),Root current volume (cm3),Change in volume (cm3),Change in Biomass (mg),Production (mg)
Treatment,1,1,1,42863,42905,69,42,0,1.651144247,0,0.04198465,0,0.002285893,0.002285893,0.117616218,0.117616218
Treatment,1,1,1,42905,43129,293,224,1.651144247,0,0.04198465,0,0.002285893,0,-0.002285893,-0.117616218,0
Treatment,1,2,1,42863,42905,69,42,0,0.803048097,0,0.03291675,0,0.000683385,0.000683385,0.035162244,0.035162244
Treatment,1,2,1,42905,42930,94,25,0.803048097,0,0.03291675,0,0.000683385,0,-0.000683385,-0.035162244,0
Treatment,1,2,2,42863,42905,69,42,0,1.145731839,0,0.03181803,0,0.000911002,0.000911002,0.046873855,0.046873855
Treatment,1,2,2,42905,42930,94,25,1.145731839,0,0.03181803,0,0.000911002,0,-0.000911002,-0.046873855,0
Treatment,1,3,1,42836,42863,27,27,0.480092675,0.516750475,0.027706991,0.031686709,0.000289463,0.000407498,0.000118034,0.00607322,0.00607322
Treatment,1,3,1,42863,43031,195,168,0.516750475,0.710154872,0.031686709,0.028871574,0.000407498,0.000464926,5.74E-05,0.002954871,0.002954871
Treatment,1,3,1,43031,43054,218,23,0.710154872,0.433679389,0.028871574,0.033302105,0.000464926,0.000377748,-8.72E-05,-0.004485584,0
Treatment,1,6,1,42863,42905,69,42,0,0.677248809,0,0.031773979,0,0.000537009,0.000537009,0.027630744,0.027630744
Treatment,1,6,1,42905,42930,94,25,0.677248809,0.683074423,0.031900601,0.03402205,0.000541297,0.000620982,7.97E-05,0.004100009,0.004100009
Treatment,1,6,1,42930,42984,148,54,0.683074423,0.356023247,0.03402205,0.017922697,0.000620982,8.98E-05,-0.000531161,-0.027329881,0
Treatment,1,6,1,42984,43031,195,47,0.356023247,0.248497964,0.017922697,0.019704392,8.98E-05,7.58E-05,-1.4E-05,-0.000722563,0
Treatment,1,6,1,43031,43054,218,23,0.248497964,0,0.019704392,0,7.58E-05,0,-7.58E-05,-0.003898971,0
Treatment,1,6,2,42863,42905,69,42,0,0.531477514,0,0.043960358,0,0.000806672,0.000806672,0.04150577,0.04150577
Treatment,1,6,2,42905,42930,94,25,0.531477514,0.598122726,0.043960358,0.030825286,0.000806672,0.000446369,-0.000360303,-0.018538696,0
Treatment,1,6,2,42930,42984,148,54,0.598122726,0,0.030825286,0,0.000446369,0,-0.000446369,-0.022967073,0
Treatment,1,6,3,42863,42905,69,42,0,0.23180366,0,0.03370766,0,0.000206856,0.000206856,0.010643357,0.010643357
Treatment,1,6,3,42905,42930,94,25,0.23180366,0,0.03370766,0,0.000206856,0,-0.000206856,-0.010643357,0
Treatment,1,6,4,42863,42905,69,42,0,0.744159078,0,0.042932538,0,0.00107728,0.00107728,0.055429382,0.055429382
Treatment,1,6,4,42905,42930,94,25,0.744159078,0.771768145,0.042932538,0.025407971,0.00107728,0.000391306,-0.000685974,-0.035295481,0
Treatment,1,6,4,42930,42984,148,54,0.771768145,0,0.025407971,0,0.000391306,0,-0.000391306,-0.020133902,0
Treatment,1,6,5,42863,42905,69,42,0,0.280788654,0,0.031670516,0,0.000221197,0.000221197,0.011381276,0.011381276
Treatment,1,6,5,42905,42930,94,25,0.280788654,0,0.031670516,0,0.000221197,0,-0.000221197,-0.011381276,0
Treatment,1,6,6,42863,42905,69,42,0,0.235432085,0,0.054970529,0,0.000558747,0.000558747,0.028749256,0.028749256
Treatment,1,6,6,42905,42930,94,25,0.235432085,0.358021946,0.054970529,0.029750795,0.000558747,0.000248884,-0.000309863,-0.015943421,0
Treatment,1,6,6,42930,42984,148,54,0.358021946,0,0.029750795,0,0.000248884,0,-0.000248884,-0.012805835,0
Treatment,1,6,7,42863,42905,69,42,0,0.799182704,0,0.036251214,0,0.000824862,0.000824862,0.042441655,0.042441655
Treatment,1,6,7,42905,42930,94,25,0.799182704,0,0.036251214,0,0.000824862,0,-0.000824862,-0.042441655,0
Treatment,1,6,8,42863,42905,69,42,0,0.459529293,0,0.029105191,0,0.000305734,0.000305734,0.015730961,0.015730961
Treatment,1,6,8,42905,42930,94,25,0.459529293,0,0.029105191,0,0.000305734,0,-0.000305734,-0.015730961,0
Treatment,1,6,9,42863,42905,69,42,0,0.084277296,0,0.020950553,0,2.91E-05,2.91E-05,0.001494868,0.001494868
Treatment,1,6,9,42905,42930,94,25,0.084277296,0,0.020950553,0,2.91E-05,0,-2.91E-05,-0.001494868,0
Treatment,1,6,10,42863,42905,69,42,0,0.498815702,0,0.036800345,0,0.000530559,0.000530559,0.027298892,0.027298892
Treatment,1,6,10,42905,42930,94,25,0.498815702,0,0.036800345,0,0.000530559,0,-0.000530559,-0.027298892,0
Treatment,1,6,11,42984,43031,195,47,0,0.221248005,0,0.048811788,0,0.000414017,0.000414017,0.021302468,0.021302468
Treatment,1,6,11,43031,43054,218,23,0.221248005,0.261338027,0.048811788,0.038393763,0.000414017,0.000302562,-0.000111456,-0.005734745,0
Treatment,1,6,11,43054,43129,293,75,0.261338027,0,0.038393763,0,0.000302562,0,-0.000302562,-0.015567723,0
Treatment,1,6,12,42984,43031,195,47,0,0.734252022,0,0.058892386,0,0.002000107,0.002000107,0.10291166,0.10291166
Treatment,1,6,12,43031,43054,218,23,0.734252022,0.942880233,0.058892386,0.064687698,0.002000107,0.003098773,0.001098666,0.056529723,0.056529723
Treatment,1,6,12,43054,43129,293,75,0.942880233,0,0.064687698,0,0.003098773,0,-0.003098773,-0.159441382,0
Treatment,1,6,13,42984,43031,195,47,0,0.553413243,0,0.043500273,0,0.000822476,0.000822476,0.042318926,0.042318926
Treatment,1,6,13,43031,43054,218,23,0.553413243,0.532440997,0.043500273,0.052579788,0.000822476,0.00115611,0.000333633,0.017166459,0.017166459
Treatment,1,6,13,43054,43129,293,75,0.532440997,0,0.052579788,0,0.00115611,0,-0.00115611,-0.059485385,0
Treatment,1,7,1,42863,42905,69,42,0,1.243159776,0,0.040454928,0,0.001597937,0.001597937,0.082218765,0.082218765
Treatment,1,7,1,42905,42930,94,25,1.243159776,1.393326804,0.040454928,0.030464484,0.001597937,0.001015618,-0.000582319,-0.029962089,0
Treatment,1,7,1,42930,42984,148,54,1.393326804,0.464442268,0.030464484,0.024371587,0.001015618,0.000216665,-0.000798953,-0.041108585,0
Treatment,1,7,1,42984,43031,195,47,0.464442268,0,0.024371587,0,0.000216665,0,-0.000216665,-0.011148091,0
Treatment,1,7,2,42863,42905,69,42,0,1.358286111,0,0.029927861,0,0.000955504,0.000955504,0.049163607,0.049163607
Treatment,1,7,2,42905,42930,94,25,1.358286111,0.570180058,0.029927861,0.014601678,0.000955504,9.55E-05,-0.000860025,-0.044250925,0
Treatment,1,7,2,42930,42984,148,54,0.570180058,0.570180058,0.014601678,0.011681342,9.55E-05,6.11E-05,-3.44E-05,-0.001768566,0
Treatment,1,7,2,42984,43031,195,47,0.570180058,0.570180058,0.011681342,0.009345074,6.11E-05,3.91E-05,-2.2E-05,-0.001131882,0
Treatment,1,7,2,43031,43054,218,23,0.570180058,0,0.009345074,0,3.91E-05,0,-3.91E-05,-0.002012235,0
Treatment,1,7,3,42863,42905,69,42,0,0.050440548,0,0.009561727,0,3.62E-06,3.62E-06,0.00018636,0.00018636
Treatment,1,7,4,42863,42905,69,42,0,0.055762054,0,0.017326257,0,1.31E-05,1.31E-05,0.000676471,0.000676471
Treatment,1,7,5,42863,42905,69,42,0,1.108399496,0,0.035333499,0,0.001086825,0.001086825,0.055920459,0.055920459
Treatment,1,7,6,42863,42905,69,42,0,0.051035697,0,0.010157994,0,4.14E-06,4.14E-06,0.00021281,0.00021281
Treatment,1,7,7,42863,42905,69,42,0,0.016633669,0,0.015258368,0,3.04E-06,3.04E-06,0.000156497,0.000156497
Treatment,1,7,8,42863,42905,69,42,0,0.707809105,0,0.028080358,0,0.00043834,0.00043834,0.022553946,0.022553946
Treatment,1,7,9,42905,42930,94,25,0,1.227677257,0,0.022488745,0,0.000487646,0.000487646,0.025090874,0.025090874
Treatment,1,7,10,42905,42930,94,25,0,0.725432578,0,0.027380746,0,0.000427147,0.000427147,0.021978029,0.021978029
Treatment,1,7,11,42905,42930,94,25,0,1.137565002,0,0.088789461,0,0.007043507,0.007043507,0.36241001,0.36241001
Treatment,1,8,1,42836,42905,69,69,1.029953123,0.852720749,0,0.053371256,0,0.001907707,0.001907707,0.098157346,0.098157346
Treatment,1,8,1,42905,42930,94,25,0.852720749,0.785781063,0.053371256,0.04437464,0.001907707,0.001215237,-0.000692469,-0.035629658,0
Treatment,1,8,1,42930,42984,148,54,0.785781063,0.700088764,0.04437464,0.036888678,0.001215237,0.00074822,-0.000467018,-0.024029488,0
Treatment,1,8,1,42984,43031,195,47,0.700088764,0,0.036888678,0.024059023,0.00074822,0,-0.00074822,-0.0384982,0
Treatment,1,8,2,42836,42863,27,27,1.14002547,0.86398008,0.022981941,0.036647052,0.000472909,0.000911322,0.000438412,0.022557661,0.022557661
Treatment,1,8,2,42863,42905,69,42,0.86398008,0.653434361,0.036647052,0.038402483,0.000911322,0.000756851,-0.000154471,-0.007947984,0
Treatment,1,8,2,42905,42930,94,25,0.653434361,0.723485879,0.038402483,0.025454334,0.000756851,0.000368166,-0.000388685,-0.019999053,0
Treatment,1,8,2,42930,42984,148,54,0.723485879,0.624439763,0.025454334,0.033682295,0.000368166,0.000556396,0.00018823,0.009685008,0.009685008
Treatment,1,8,2,42984,43031,195,47,0.624439763,0,0.033682295,0,0.000556396,0,-0.000556396,-0.028628265,0
Treatment,1,9,1,42863,42905,69,42,0,1.300464323,0,0.049755295,0,0.002528523,0.002528523,0.130100263,0.130100263
Treatment,1,9,1,42905,42930,94,25,1.300464323,0.754450579,0.049755295,0.055911013,0.002528523,0.001852317,-0.000676206,-0.034792859,0
Treatment,1,9,1,42930,42984,148,54,0.754450579,0.518061674,0.055911013,0.027118453,0.001852317,0.000299227,-0.00155309,-0.079911244,0
Treatment,1,9,1,42984,43031,195,47,0.518061674,0.583102738,0.027118453,0.014330471,0.000299227,9.4E-05,-0.000205178,-0.010557031,0
Treatment,1,9,1,43031,43121,285,90,0.583102738,0.584888522,0.014330471,0.026734444,9.4E-05,0.000328326,0.000234277,0.012054252,0.012054252
Treatment,1,9,1,43129,43172,336,43,0.584888522,0,0.026734444,0,0.000328326,0,-0.000328326,-0.01689338,0
Treatment,1,9,2,42905,42930,94,25,0,0.454311145,0,0.025012536,0,0.000223233,0.000223233,0.011486031,0.011486031
Treatment,1,9,2,42930,42984,148,54,0.454311145,0.46881728,0.02501233,0.028275847,0.000223229,0.000294391,7.12E-05,0.003661485,0.003661485
Treatment,1,9,2,42984,43129,293,145,0.46881728,0.281830397,0.028275847,0.032460055,0.000294391,0.000233226,-6.12E-05,-0.003147155,0
Treatment,1,9,2,43129,43172,336,43,0.281830397,0,0.032460055,0,0.000233226,0,-0.000233226,-0.012000172,0
Treatment,1,9,3,42905,42930,94,25,0,0.626668966,0,0.027087433,0,0.00036113,0.00036113,0.018581254,0.018581254
Treatment,1,9,3,42930,42984,148,54,0.626668966,0.462663513,0.027087433,0.027713465,0.00036113,0.000279085,-8.2E-05,-0.004221465,0
Treatment,1,9,3,42984,43031,195,47,0.462663513,0.532592539,0.027713465,0.018488567,0.000279085,0.000142985,-0.0001361,-0.007002756,0
Treatment,1,9,3,43031,43121,285,90,0.532592539,0,0.018488567,0,0.000142985,0,-0.000142985,-0.007357033,0
Treatment,1,9,4,42984,43031,195,47,0,0.317651199,0,0.025555645,0,0.000162935,0.000162935,0.008383499,0.008383499
Treatment,1,9,4,43031,43054,218,23,0.317651199,0,0.025555645,0,0.000162935,0,-0.000162935,-0.008383499,0
Treatment,1,9,5,42984,43031,195,47,0,0.709088884,0,0.032460055,0,0.000586799,0.000586799,0.030192586,0.030192586
Treatment,1,9,5,43031,43054,218,23,0.709088884,0,0.032460055,0,0.000586799,0,-0.000586799,-0.030192586,0
Treatment,4,3,1,42863,42921,85,58,0,0.864427677,0,0.028144088,0,0.000537765,0.000537765,0.027669681,0.027669681
Treatment,4,3,2,42863,42921,85,58,0,0.30743832,0,0.028721815,0,0.000199192,0.000199192,0.010249033,0.010249033
Treatment,4,3,1,42921,42930,94,9,0.864427677,0,0.028144088,0,0.000537765,0,-0.000537765,-0.027669681,0
Treatment,4,3,2,42921,42930,94,9,0.30743832,0,0.028721815,0,0.000199192,0,-0.000199192,-0.010249033,0
Treatment,4,4,1,42836,42863,27,27,0.208442784,0,0.017317909,0,4.91E-05,0,-4.91E-05,-0.002526265,0
Treatment,4,4,2,42836,42863,27,27,0.151722733,0,0.02012236,0,4.83E-05,0,-4.83E-05,-0.002482616,0
Treatment,4,5,1,42836,42863,27,27,0.760330453,0,0.030372197,0,0.000550864,0,-0.000550864,-0.028343659,0
Treatment,4,5,2,42836,42863,27,27,0.550593964,0,0.036860623,0,0.000587552,0,-0.000587552,-0.030231376,0
Treatment,4,6,1,42836,42863,27,27,0,1.083613886,0,0.027001197,0,0.000620484,0.000620484,0.031925795,0.031925795
Treatment,4,6,1,42863,42921,85,58,1.083613886,0,0.027001197,0,0.000620484,0,-0.000620484,-0.031925795,0
Treatment,4,8,1,42836,42863,27,27,0,0.398183307,0,0.027534056,0,0.00023709,0.00023709,0.012199009,0.012199009
Treatment,4,8,1,42863,42921,85,58,0.398183307,0,0.027534056,0,0.00023709,0,-0.00023709,-0.012199009,0
Treatment,4,8,2,42836,42863,27,27,0,0.259717928,0,0.031394324,0,0.000201045,0.000201045,0.0103444,0.0103444
Treatment,4,8,2,42863,42921,85,58,0.259717928,0,0.031394324,0,0.000201045,0,-0.000201045,-0.0103444,0
Treatment,4,9,1,42863,42921,85,58,0,0.708705569,0,0.037583324,0,0.000786224,0.000786224,0.040453616,0.040453616
Treatment,4,9,1,42921,42930,94,9,0.708705569,0,0.037583324,0,0.000786224,0,-0.000786224,-0.040453616,0
Treatment,4,10,1,42863,42921,85,58,0,0.753531503,0,0.060650821,0,0.002177031,0.002177031,0.112014929,0.112014929
Treatment,4,10,1,42921,42930,94,9,0.753531503,0,0.060650821,0,0.002177031,0,-0.002177031,-0.112014929,0
Control,2,1,1,42907,42930,94,23,0,0.669331362,0,0.050771377,0,0.001355092,0.001355092,0.069723661,0.069723661
Control,2,1,2,42907,42930,94,23,0,0.306689333,0,0.023408503,0,0.000131988,0.000131988,0.006791209,0.006791209
Control,2,1,1,42930,42983,147,53,0.669331362,1.206923121,0.050771377,0.047515994,0.001355092,0.002140174,0.000785082,0.04039486,0.04039486
Control,2,1,2,42930,42983,147,53,0.306689333,0.584685233,0.023408503,0.04229795,0.000131988,0.000821582,0.000689593,0.035481677,0.035481677
Control,2,1,3,42930,42983,147,53,0,0.274683164,0,0.036214833,0,0.00028294,0.00028294,0.014558148,0.014558148
Control,2,1,4,42930,42983,147,53,0,0.547978453,0,0.023434885,0,0.000236363,0.000236363,0.012161587,0.012161587
Control,2,1,1,42983,43040,204,57,1.206923121,1.258897387,0.047515994,0.033965059,0.002140174,0.00114063,-0.000999544,-0.05142959,0
Control,2,1,2,42983,43040,204,57,0.584685233,0.425355929,0.04229795,0.040740269,0.000821582,0.000554485,-0.000267096,-0.01374291,0
Control,2,1,3,42983,43040,204,57,0.274683164,0,0.036214833,0,0.00028294,0,-0.00028294,-0.014558148,0
Control,2,1,4,42983,43040,204,57,0.547978453,0.786161527,0.023434885,0.018750169,0.000236363,0.000217076,-1.93E-05,-0.000992356,0
Control,2,1,1,43040,43054,218,14,1.258897387,1.252774843,0.033965059,0.016381272,0.00114063,0.000264033,-0.000876597,-0.045103627,0
Control,2,1,2,43040,43054,218,14,0.425355929,0.774298089,0.040740269,0.036976933,0.000554485,0.000831495,0.00027701,0.014253009,0.014253009
Control,2,1,4,43040,43054,218,14,0.786161527,0.409644544,0.018750169,0.027369691,0.000217076,0.000241011,2.39E-05,0.001231523,0.001231523
Control,2,2,1,42907,42930,94,23,0,0.952945212,0,0.031722302,0,0.00075316,0.00075316,0.038752387,0.038752387
Control,2,2,2,42907,42930,94,23,0,0.540506373,0,0.022673576,0,0.000218238,0.000218238,0.011229023,0.011229023
Control,2,2,3,42907,42930,94,23,0,0.611772316,0,0.037638752,0,0.000680691,0.000680691,0.035023647,0.035023647
Control,2,2,4,42907,42930,94,23,0,0.747838742,0,0.053720158,0,0.001695011,0.001695011,0.087213488,0.087213488
Control,2,2,5,42907,42930,94,23,0,0.652061844,0,0.074841634,0,0.002868568,0.002868568,0.147596629,0.147596629
Control,2,2,1,42930,42983,147,53,0.952945212,0.952945212,0.031722302,0.031722302,0.00075316,0.00075316,0,0,0
Control,2,2,2,42930,42983,147,53,0.540506373,0.521272089,0.022673576,0.022186532,0.000218238,0.000201527,-1.67E-05,-0.000859842,0
Control,2,2,3,42930,42983,147,53,0.611772316,0.668430382,0.037638752,0.032222423,0.000680691,0.000545083,-0.000135608,-0.006977468,0
Control,2,2,4,42930,42983,147,53,0.747838742,0.666228958,0.053720158,0.044371571,0.001695011,0.001030203,-0.000664807,-0.034206363,0
Control,2,2,5,42930,42983,147,53,0.652061844,0.652061844,0.074841634,0.074841634,0.002868568,0.002868568,0,0,0
Control,2,2,1,42983,43054,218,71,0.952945212,0.952945212,0.031722302,0.031722302,0.00075316,0.00075316,0,0,0
Control,2,2,2,42983,43054,218,71,0.521272089,0.533427911,0.022673576,0.016378565,0.000210472,0.000112387,-9.81E-05,-0.005046759,0
Control,2,2,3,42983,43054,218,71,0.668430382,0.45793734,0.022186532,0.020302277,0.000258419,0.000148247,-0.000110172,-0.00566871,0
Control,2,2,4,42983,43054,218,71,0.666228958,0.747838742,0.044371571,0.044371571,0.001030203,0.001156398,0.000126195,0.006493113,0.006493113
Control,2,2,5,42983,43054,218,71,0.652061844,0.652061844,0.074841634,0.074841634,0.002868568,0.002868568,0,0,0
Control,2,2,1,43054,43130,294,76,0.952945212,0.952945212,0.031722302,0.031722302,0.00075316,0.00075316,0,0,0
Control,2,2,2,43054,43130,294,76,0.533427911,0.533427911,0.016378565,0.016378565,0.000112387,0.000112387,0,0,0
Control,2,2,3,43054,43130,294,76,0.45793734,0.45793734,0.020302277,0.020302277,0.000148247,0.000148247,0,0,0
Control,2,2,4,43054,43130,294,76,0.747838742,0.747838742,0.044371571,0.044371571,0.001156398,0.001156398,0,0,0
Control,2,2,5,43054,43130,294,76,0.652061844,0.58297841,0.074841634,0.058026319,0.002868568,0.001541673,-0.001326895,-0.068272805,0
Control,2,3,1,42930,42983,147,53,0,2.079132709,0,0.043139807,0,0.003038985,0.003038985,0.156365068,0.156365068
Control,2,3,2,42930,42983,147,53,0,0.391171583,0,0.030433572,0,0.000284553,0.000284553,0.014641119,0.014641119
Control,2,3,2,42983,43040,204,57,0.391171583,0,0.030433572,0,0.000284553,0,-0.000284553,-0.014641119,0
Control,2,4,1,42907,42930,94,23,0,1.664973976,0,0.078355641,0,0.008028564,0.008028564,0.41309421,0.41309421
Control,2,4,5,42863,42907,71,44,0,0.413806359,0,0.03920742,0,0.000499601,0.000499601,0.025706019,0.025706019
Control,2,4,2,42863,42907,71,44,0,0.196321086,0,0.022577171,0,7.86E-05,7.86E-05,0.004043962,0.004043962
Control,2,4,2,42907,42930,94,23,0.196321086,0.630077813,0.022577171,0.03417596,7.86E-05,0.000577997,0.000499402,0.025695749,0.025695749
Control,2,4,2,42930,42983,147,53,0.630077813,0.419290891,0.03417596,0.017851845,0.000577997,0.000104947,-0.00047305,-0.024339849,0
Control,2,4,3,42907,42930,94,23,0,0.362740977,0,0.030089088,0,0.000257932,0.000257932,0.013271371,0.013271371
Control,2,4,3,42930,42983,147,53,0.362740977,0.481207502,0.030089088,0.016630672,0.000257932,0.00010453,-0.000153401,-0.007892971,0
Control,2,4,4,42907,42930,94,23,0,0.140564377,0,0.035674883,0,0.000140505,0.000140505,0.007229388,0.007229388
Control,2,4,4,42930,42983,147,53,0.140564377,1.133301332,0.035674883,0.032266812,0.000140505,0.000926718,0.000786213,0.040453071,0.040453071
Control,2,5,1,42907,42930,94,23,0,0.231558211,0,0.019778765,0,7.11E-05,7.11E-05,0.003660662,0.003660662
Control,2,5,1,42930,42983,147,53,0.231558211,0.36294994,0.019778765,0.026144352,7.11E-05,0.000194846,0.000123701,0.006364782,0.006364782
Control,2,5,1,42983,43054,218,71,0.36294994,0.626817317,0.026144352,0.028626722,0.000194846,0.000403435,0.000208589,0.010732548,0.010732548
Control,2,5,1,43054,43130,294,76,0.626817317,0.777509407,0.028626722,0.020469741,0.000403435,0.000255871,-0.000147565,-0.007592671,0
Control,2,5,2,42907,42930,94,23,0,0.465437059,0,0.032866139,0,0.000394865,0.000394865,0.020316995,0.020316995
Control,2,5,2,42930,42983,147,53,0.465437059,0.473830389,0.03274752,0.029433208,0.00039202,0.000322395,-6.96E-05,-0.003582405,0
Control,2,5,2,42983,43054,218,71,0.473830389,0.331528017,0.029433208,0.023205296,0.000322395,0.000140212,-0.000182183,-0.009373876,0
Control,2,5,2,43054,43130,294,76,0.331528017,0.345181559,0.02320557,0.024686705,0.000140215,0.00016522,2.5E-05,0.001286604,0.001286604
Control,2,5,2,43130,43178,342,48,0.345181559,0.699753582,0.024686705,0.032854661,0.00016522,0.000593238,0.000428018,0.022022818,0.022022818
Control,2,5,3,42930,42983,147,53,0,1.289458163,0,0.031243161,0,0.000988569,0.000988569,0.050864915,0.050864915
Control,2,5,3,42983,43130,294,147,1.289458163,0.771487759,0.031243161,0.030755281,0.000988569,0.000573137,-0.000415432,-0.021375268,0
Control,2,5,4,42907,42930,94,23,0,0.15727468,0,0.018222188,0,4.1E-05,4.1E-05,0.002110382,0.002110382
Control,2,6,1,42836,42863,27,27,1.113432903,1.101884377,0.03088156,0.015509743,0.000833974,0.000208178,-0.000625796,-0.032199102,0
Control,2,6,1,42863,42907,71,44,1.101884377,0,0.015509743,0,0.000208178,0,-0.000208178,-0.010711403,0
Control,2,6,2,42836,42863,27,27,0.407824092,0.3303792,0.034050084,0.025236391,0.000371363,0.000165256,-0.000206107,-0.010604862,0
Control,2,6,2,42863,42907,71,44,0.3303792,0,0.025236391,0,0.000165256,0,-0.000165256,-0.008502924,0
Control,2,6,3,42836,42863,27,27,0.439435245,0.466716612,0.068260659,0.034706799,0.001608147,0.000441542,-0.001166605,-0.060025385,0
Control,2,6,3,2,42907,71,42905,0.466716612,0,0.034706799,0,0.000441542,0,-0.000441542,-0.022718701,0
Control,2,6,4,42836,42863,27,27,1.075772069,1.057757884,0.014873301,0.020216508,0.000186907,0.000339538,0.000152631,0.007853351,0.007853351
Control,2,6,4,42863,42907,71,44,1.057757884,0,0.020216508,0,0.000339538,0,-0.000339538,-0.017470273,0
Control,2,6,5,42836,42863,27,27,0.571757021,0.65775932,0.009803409,0.011971305,4.32E-05,7.4E-05,3.09E-05,0.00158877,0.00158877
Control,2,6,5,42863,42907,71,44,0.65775932,0,0.011971305,0,7.4E-05,0,-7.4E-05,-0.003809352,0
Control,2,6,6,42836,42863,27,27,0,0.108994799,0,0.018471177,0,2.92E-05,2.92E-05,0.001502782,0.001502782
Control,2,6,6,42863,42907,71,44,0.108994799,0,0.018471177,0,2.92E-05,0,-2.92E-05,-0.001502782,0
Control,2,6,7,42836,42863,27,27,0.199731148,0,0.042931454,0,0.000289126,0,-0.000289126,-0.014876409,0
Control,2,6,8,42907,42930,94,23,0,1.121637032,0,0.021081287,0,0.000391504,0.000391504,0.020144092,0.020144092
Control,2,6,9,42907,42930,94,23,0,0.464094551,0,0.024167095,0,0.000212885,0.000212885,0.01095359,0.01095359
Control,2,6,10,42907,42930,94,23,0,0.533625921,0,0.025763039,0,0.000278177,0.000278177,0.014313051,0.014313051
Control,2,7,1,42907,42930,94,23,0,0.248397322,0,0.201027935,0,0.007884054,0.007884054,0.405658762,0.405658762
Control,2,7,2,42907,42930,94,23,0,0.82721746,0,0.029408166,0,0.000561882,0.000561882,0.028910574,0.028910574
Control,2,7,3,42907,42930,94,23,0,1.146314519,0,0.016866371,0,0.000256116,0.000256116,0.013177962,0.013177962
Control,2,7,4,42907,42930,94,23,0,1.099258534,0,0.055713071,0,0.002679809,0.002679809,0.13788441,0.13788441
Control,2,8,1,42907,42930,94,23,0,0.78102059,0,0.050039171,0,0.001535934,0.001535934,0.079028514,0.079028514
Control,2,8,1,43130,43178,342,48,0.78102059,0.632281382,0.050039171,0.048155113,0.001535934,0.001151556,-0.000384378,-0.019777426,0
Control,3,3,1,42933,42984,148,51,0,0.427107074,0,0.019953274,0,0.000133553,0.000133553,0.006871732,0.006871732
Control,3,3,1,42984,43172,336,188,0.427107074,0.357327727,0.019953274,0.013153082,0.000133553,4.86E-05,-8.5E-05,-0.004373557,0
Control,3,6,1,42984,43031,195,47,0,0.588487898,0,0.030797459,0,0.000438387,0.000438387,0.02255633,0.02255633
Control,3,6,1,43031,43054,218,23,0.588487898,0,0.030797459,0,0.000438387,0,-0.000438387,-0.02255633,0
Control,3,6,2,42984,43031,195,47,0,0.374394972,0,0.022582018,0,0.00014995,0.00014995,0.007715368,0.007715368
Control,3,6,2,43031,43054,218,23,0.374394972,0,0.022582018,0,0.00014995,0,-0.00014995,-0.007715368,0
Control,5,4,1,42863,42905,69,42,0,0.177322853,0,0.083587791,0,0.000973061,0.000973061,0.050066996,0.050066996
Control,5,4,1,42905,42933,97,28,0.177322853,0.363454619,0.083587791,0.065010933,0.000973061,0.00120646,0.000233398,0.01200906,0.01200906
Control,5,4,1,42933,42984,148,51,0.363454619,0.30688596,0.065010933,0.051157631,0.00120646,0.000630794,-0.000575666,-0.029619757,0
Control,5,4,1,42984,43130,294,146,0.30688596,0.253068516,0.051157631,0.062721879,0.000630794,0.000781927,0.000151133,0.007776232,0.007776232
Control,5,4,1,43130,43172,336,42,0.253068516,0.47881363,0.062721879,0.079351665,0.000781927,0.002367928,0.001586001,0.081604615,0.081604615
Control,5,4,2,43026,43054,218,28,0,0.627571837,0,0.079603874,0,0.003123358,0.003123358,0.160706331,0.160706331
Control,5,4,2,43054,43130,294,76,0.627571837,0.810638605,0.079603874,0.093093416,0.003123358,0.005517662,0.002394304,0.123194293,0.123194293
Control,5,4,2,43130,43172,336,42,0.810638605,1.087082893,0.093093416,0.082502132,0.005517662,0.005811428,0.000293766,0.01511517,0.01511517
Control,5,6,1,42836,42905,69,69,0.411585343,0.386775398,0.05203479,0.043306467,0.000875261,0.000569711,-0.00030555,-0.015721491,0
Control,5,6,1,42905,42933,97,28,0.386775398,0,0.043306467,0,0.000569711,0,-0.000569711,-0.029313351,0
Control,5,13,1,42836,42905,69,69,0.162591861,0.213953974,0.014764734,0.008812265,2.78E-05,1.3E-05,-1.48E-05,-0.000760933,0
Control,5,13,1,42905,43026,190,121,0.213953974,0.077483399,0.008812265,0.027432202,1.3E-05,4.58E-05,3.27E-05,0.001684879,0.001684879
Control,5,13,1,43026,43130,294,104,0.077483399,0.053436091,0.027432202,0.025893351,4.58E-05,2.81E-05,-1.77E-05,-0.000908491,0
Control,5,13,2,42836,42905,69,69,0.054037996,0.238799507,0.01503692,0.016614119,9.6E-06,5.18E-05,4.22E-05,0.002169961,0.002169961
Control,5,13,2,42905,43026,190,121,0.238799507,0.129462747,0.016614119,0.02751395,5.18E-05,7.7E-05,2.52E-05,0.001296793,0.001296793
Control,5,13,2,43026,43130,294,104,0.129462747,0.136513994,0.027524855,0.025080679,7.7E-05,6.74E-05,-9.59E-06,-0.000493438,0
Treatment,6,1,1,42905,42933,97,28,0,0.397139057,0,0.043576806,0,0.000592302,0.000592302,0.030475758,0.030475758
Treatment,6,1,1,42933,42983,147,50,0.397139057,0,0.397139057,0,0.049194628,0,-0.049194628,-2.531214364,0
Treatment,6,2,1,42836,42863,27,27,0,0.265641474,0,0.017971963,0,6.74E-05,6.74E-05,0.003467273,0.003467273
Treatment,6,2,1,42863,42905,69,42,0.265641474,0,0.017971963,0,6.74E-05,0,-6.74E-05,-0.003467273,0
Treatment,6,2,2,42905,42933,97,28,0,0.413854689,0,0.014636684,0,6.96E-05,6.96E-05,0.003582897,0.003582897
Treatment,6,2,2,42933,42983,147,50,0.413854689,0,0.014636684,0,6.96E-05,0,-6.96E-05,-0.003582897,0
Treatment,6,2,3,43052,43129,293,77,0,0.198150953,0,0.021295882,0,7.06E-05,7.06E-05,0.003631521,0.003631521
Treatment,6,2,3,43129,43172,336,43,0.198150953,0,0.021295882,0,7.06E-05,0,-7.06E-05,-0.003631521,0
Treatment,6,4,1,42983,43026,190,43,0,0.329438104,0,0.006201011,0,9.95E-06,9.95E-06,0.000511918,0.000511918
Treatment,6,4,1,43026,43052,216,26,0.329438104,0,0.006201011,0,9.95E-06,0,-9.95E-06,-0.000511918,0
Treatment,6,4,2,42983,43026,190,43,0,0.164582853,0,0.010299026,0,1.37E-05,1.37E-05,0.000705469,0.000705469
Treatment,6,4,2,43026,43052,216,26,0.164582853,0,0.010299026,0,1.37E-05,0,-1.37E-05,-0.000705469,0
Treatment,6,5,1,42905,42933,97,28,0,0.179334425,0,0.025409004,0,9.09E-05,9.09E-05,0.00467886,0.00467886
Treatment,6,5,1,42933,42983,147,50,0.179334425,0,0.025409004,0,9.09E-05,0,-9.09E-05,-0.00467886,0
Treatment,1,1,1,43213,43245,409,32,0,1.274434916,0,0.028419382,0,0.00080842,0.00080842,0.041595662,0.041595662
Treatment,1,1,1,43245,43273,437,28,1.274434916,1.274434916,0.028419382,0.028419382,0.00080842,0.00080842,0,0,0
Treatment,1,1,1,43273,43299,463,26,1.274434916,1.616325649,0.028419382,0.036821863,0.00080842,0.001721196,0.000912776,0.046965135,0.046965135
Treatment,1,1,1,43299,43397,561,98,1.616325649,1.768267512,0.036821863,0.028802859,0.001721196,0.00115215,-0.000569046,-0.029279146,0
Treatment,1,3,1,43213,43245,409,32,0,0.366511505,0,0.034193837,0,0.000336568,0.000336568,0.017317469,0.017317469
Treatment,1,3,1,43245,43340,504,95,0.366511505,0.311966456,0.034193837,0.044640048,0.000336568,0.000488255,0.000151687,0.007804769,0.007804769
Treatment,1,3,1,43340,43397,561,57,0.311966456,0.419022666,0.044640048,0.034339914,0.000488255,0.000388084,-0.000100171,-0.005154124,0
Treatment,1,3,1,43397,43481,645,84,0.419022666,0.224583424,0.034339914,0.029858819,0.000388084,0.000157258,-0.000230826,-0.011876706,0
Treatment,1,3,1,43481,43542,706,61,0.224583424,0.205784245,0.029858819,0.050910458,0.000157258,0.000418905,0.000261647,0.013462561,0.013462561
Treatment,1,3,2,43481,43542,706,61,0,0.611358051,0,0.021275953,0,0.000217352,0.000217352,0.011183425,0.011183425
Treatment,1,4,1,43273,43299,463,26,0,1.797595726,0,0.028258297,0,0.001127389,0.001127389,0.058007632,0.058007632
Treatment,1,4,1,43299,43340,504,41,1.797595726,1.778029403,0.028258297,0.034597537,0.001127389,0.001671549,0.00054416,0.027998699,0.027998699
Treatment,1,4,1,43340,43397,561,57,1.778029403,1.533559412,0.034597537,0.027613349,0.001671549,0.000918393,-0.000753156,-0.038752186,0
Treatment,1,4,1,43397,43481,645,84,1.533559412,0.623190574,0.027613349,0.017657468,0.000918393,0.000152605,-0.000765789,-0.03940217,0
Treatment,1,6,1,43273,43299,463,26,0,2.052825087,0,0.026004687,0,0.001090298,0.001090298,0.056099157,0.056099157
Treatment,1,6,1,43299,43340,504,41,2.052825087,1.018431734,0.026004687,0.042449027,0.001090298,0.00144131,0.000351012,0.018060639,0.018060639
Treatment,1,6,1,43340,43397,561,57,1.018431734,1.18884318,0.042449027,0.037669628,0.00144131,0.001324943,-0.000116367,-0.005987432,0
Treatment,1,6,1,43397,43542,706,145,1.18884318,1.218914521,0.037669628,0.037669628,0.001324943,0.001358457,3.35E-05,0.001724394,0.001724394
Treatment,1,9,1,43213,43245,409,32,0,0.638022243,0,0.038186078,0,0.000730694,0.000730694,0.037596469,0.037596469
Treatment,1,9,1,43245,43299,463,54,0.638022243,1.334127593,0.038186078,0.026341844,0.000730694,0.000727076,-3.62E-06,-0.000186198,0
Treatment,1,9,1,43299,43340,504,41,1.334127593,1.415427393,0.026341844,0.063218397,0.000727076,0.004442879,0.003715803,0.191189446,0.191189446
Treatment,1,9,1,43340,43397,561,57,1.415427393,0.591522838,0.063218397,0.037227318,0.004442879,0.00064385,-0.003799028,-0.195471646,0
Treatment,1,9,1,43397,43481,645,84,0.591522838,0,0.037227318,0,0.00064385,0,-0.00064385,-0.033128071,0
Treatment,1,9,2,43213,43245,409,32,0,0.555246708,0,0.043790348,0,0.000836243,0.000836243,0.043027282,0.043027282
Treatment,1,9,2,43245,43299,463,54,0.555246708,0.598168836,0.043790348,0.0275451,0.000836243,0.000356453,-0.00047979,-0.024686679,0
Treatment,1,9,2,43299,43340,504,41,0.598168836,0.649823498,0.0275451,0.037613773,0.000356453,0.00072207,0.000365617,0.018812093,0.018812093
Treatment,1,9,2,43340,43397,561,57,0.649823498,0.919991796,0.037613773,0.044050317,0.00072207,0.001402077,0.000680007,0.03498847,0.03498847
Treatment,1,9,2,43397,43481,645,84,0.919991796,0,0.044050317,0,0.001402077,0,-0.001402077,-0.072141166,0
Treatment,1,10,1,43273,43299,463,26,0,0.518800718,0,0.048077926,0,0.00094185,0.00094185,0.048461087,0.048461087
Treatment,1,10,1,43299,43340,504,41,0.518800718,1.347807865,0.048077926,0.044271365,0.00094185,0.00207474,0.00113289,0.058290647,0.058290647
Treatment,1,10,1,43340,43542,706,202,1.347807865,1.231122629,0.044271365,0.063686713,0.00207474,0.003921831,0.001847091,0.095038484,0.095038484
Control,2,1,1,43215,43243,407,28,0,0.007756942,0,0.020916875,0,2.67E-06,2.67E-06,0.000137147,0.000137147
Control,2,1,1,43243,43299,463,56,0.007756942,0.516409446,0.020916875,0.016997049,2.67E-06,0.000117174,0.000114508,0.005891813,0.005891813
Control,2,1,1,43299,43340,504,41,0.516409446,0.29620708,0.016997049,0.024044716,0.000117174,0.000134501,1.73E-05,0.000891515,0.000891515
Control,2,1,1,43340,43542,706,202,0.29620708,0.71447172,0.024044716,0.033527597,0.000134501,0.000630783,0.000496282,0.025535228,0.025535228
Control,2,3,1,43299,43481,645,182,1.262696917,1.491326992,0.036194499,0.069051761,0.001299194,0.00558486,0.004285665,0.220510618,0.220510618
Control,2,5,1,43273,43299,463,26,0,0.77644989,0,0.040064072,0,0.000978844,0.000978844,0.050364523,0.050364523
Control,2,5,1,43299,43397,561,98,0.77644989,1.216362274,0.040064072,0.040064072,0.000978844,0.001533427,0.000554583,0.028534974,0.028534974
Control,2,5,1,43397,43425,589,28,0.77644989,0,0.040064072,0,0.000978844,0,-0.000978844,-0.050364523,0
Control,2,13,1,43243,43273,437,30,0,1.537434981,0,0.022628357,0,0.000618291,0.000618291,0.031812949,0.031812949
Control,2,13,1,43273,43299,463,26,1.537434981,1.480875106,0.022628357,0.02371499,0.000618291,0.000654115,3.58E-05,0.00184328,0.00184328
Control,2,13,1,43299,43397,561,98,1.480875106,1.521281658,0.02371499,0.024972191,0.000654115,0.000745097,9.1E-05,0.004681293,0.004681293
Control,2,13,1,43397,43481,645,84,1.521281658,1.558596694,0.024972191,0.024972191,0.000745097,0.000763373,1.83E-05,0.000940369,0.000940369
Control,2,13,1,43481,43542,706,61,1.558596694,1.823877837,0.024972191,0.04612299,0.000763373,0.003047337,0.002283964,0.117516955,0.117516955
Control,3,1,1,43213,43481,645,268,0.684742738,0.684742738,0.032199122,0.032199122,0.000557578,0.000557578,0,0,0
Control,3,7,1,43213,43542,706,329,1.002389773,1.002389773,0.039908808,0.039908808,0.001253903,0.001253903,0,0,0
Control,3,8,1,43213,43273,437,60,0,0.771416801,0,0.045119612,0,0.001233416,0.001233416,0.06346305,0.06346305
Control,3,8,1,43273,43542,706,269,0.771416801,0.771416801,0.045119612,0.045119612,0.001233416,0.001233416,0,0,0
Control,3,10,1,43245,43273,437,28,0,1.111259896,0,0.0716643,0,0.004482407,0.004482407,0.230633554,0.230633554
Control,3,10,1,43273,43542,706,269,1.111259896,1.111259896,0.0716643,0.0716643,0.004482407,0.004482407,0,0,0
Control,3,12,1,43481,43542,706,61,0,1.333635819,0,0.063309104,0,0.004198165,0.004198165,0.216008435,0.216008435
Treatment,4,1,1,43215,43243,407,28,0.311075062,0.622150124,0.050538239,0.050538239,0.000624015,0.001248031,0.000624015,0.032107503,0.032107503
Treatment,4,1,1,43243,43299,463,56,0.622150124,0.940298015,0.050538239,0.046579484,0.001248031,0.001602303,0.000354273,0.018228412,0.018228412
Treatment,4,1,1,43299,43340,504,41,0.940298015,1.368852023,0.046579484,0.046063755,0.001602303,0.002281209,0.000678906,0.034931773,0.034931773
Treatment,4,1,1,43340,43542,706,202,1.368852023,1.448847761,0.046131324,0.045689846,0.002287906,0.002375484,8.76E-05,0.004506117,0.004506117
Treatment,4,3,1,43215,43542,706,327,0.362718936,0.362718936,0.03411233,0.03411233,0.0003315,0.0003315,0,0,0
Treatment,4,3,2,43215,43542,706,327,0.436643755,0.436643755,0.047187502,0.047187502,0.000763609,0.000763609,0,0,0
Treatment,4,4,1,43215,43243,407,28,0,0.598396154,0,0.026893695,0,0.000339922,0.000339922,0.017490043,0.017490043
Treatment,4,4,1,43243,43542,706,299,0.598396154,0.598396154,0.026893695,0.026893695,0.000339922,0.000339922,0,0,0
Treatment,4,6,1,43215,43243,407,28,0,0.323468879,0,0.030499646,0,0.000236326,0.000236326,0.01215971,0.01215971
Treatment,4,6,1,43243,43273,437,30,0.323468879,0.33352497,0.030514884,0.031593418,0.000236562,0.000261464,2.49E-05,0.001281247,0.001281247
Treatment,4,6,1,43273,43340,504,67,0.33352497,0.554583494,0.031593418,0.025732817,0.000261464,0.000288424,2.7E-05,0.001387192,0.001387192
Treatment,4,6,1,43340,43369,533,29,0.554583494,0,0.025732817,0,0.000288424,0,-0.000288424,-0.014840302,0
Treatment,4,7,1,43215,43542,706,327,1.493598197,1.493598197,0.020121139,0.020121139,0.000474929,0.000474929,0,0,0
Treatment,4,9,1,43215,43542,706,327,0.882806269,0.882806269,0.055131833,0.055131833,0.002107464,0.002107464,0,0,0
Treatment,4,11,1,43215,43542,706,327,1.014215475,1.014215475,0.034106834,0.034106834,0.000926623,0.000926623,0,0,0
Treatment,4,12,1,43215,43542,706,327,0.717559108,0.717559108,0.034072257,0.034072257,0.000654258,0.000654258,0,0,0
Control,5,2,1,43213,43542,706,329,1.581419494,1.581419494,0.037368719,0.037368719,0.001734416,0.001734416,0,0,0
Control,5,2,2,43213,43542,706,329,0.48787986,0.48787986,0.031150509,0.031150509,0.00037182,0.00037182,0,0,0
Control,5,9,1,43213,43243,407,30,0,0.988224818,0,0.03326778,0,0.000859,0.000859,0.044198195,0.044198195
Control,5,9,1,43243,43542,706,299,0.988224818,0.988224818,0.03326778,0.03326778,0.000859,0.000859,0,0,0
Treatment,6,1,1,43215,43542,706,327,0.95800162,0.95800162,0.032977857,0.032977857,0.000818278,0.000818278,0,0,0
Treatment,6,6,1,43243,43273,437,30,0,0.326612954,0,0.04209136,0,0.000454474,0.000454474,0.023384089,0.023384089
Treatment,6,6,1,43340,43369,533,29,0.326612954,0,0.04209136,0,0.000454474,0,-0.000454474,-0.023384089,0
Treatment,6,7,1,43340,43397,561,57,0,1.703008202,0,0.069909568,0,0.006537021,0.006537021,0.336349749,0.336349749
Treatment,6,7,1,43397,43425,589,28,1.703008202,0,0.069909568,0,0.006537021,0,-0.006537021,-0.336349749,0
Treatment,6,9,1,43215,43542,706,327,0.802897033,0.802897033,0.065764918,0.065764918,0.002727334,0.002727334,0,0,0
Treatment,6,10,1,43215,43542,706,327,0.327373564,0.327373564,0.0365944,0.0365944,0.00034432,0.00034432,0,0,0
Treatment,6,11,1,43215,43542,706,327,0.239682763,0.239682763,0.052767472,0.052767472,0.000524154,0.000524154,0,0,0
Treatment,1,1,3,43031,43054,218,23,0.565875156063282,0.632141705886283,0.032432612126121,0.026421783813967,0.000467492195578,0.000346600029255,-0.000120892166323,-0.00622027242409,0
Treatment,1,1,3,42984,43031,195,47,0,0.565875156063282,0,0.032432612126121,0,0.000467492195578,0.000467492195578,0.024053906064267,0.024053906064267
Treatment,1,1,2,43054,43172,336,118,0.415601543641821,0.266165939280263,0.017029886001375,0.029224021982129,9.46652344700992E-05,0.000178534574168,8.38693396979247E-05,0.004315334540018,0.004315334540018
Treatment,1,1,2,43031,43054,218,23,0.396993297927746,0.415601543641821,0.019845883141791,0.017029886001375,0.000122804396716,9.46652344700992E-05,-2.81391622457962E-05,-0.001447846128321,0
Treatment,1,1,2,42984,43031,195,47,0.372340082853711,0.396993297927746,0.027313654987583,0.019845883141791,0.000218167126258,0.000122804396716,-9.53627295420499E-05,-0.004906704668301,0
Treatment,1,1,2,42930,42984,148,54,0,0.372340082853711,0,0.027313654987583,0,0.000218167126258,0.000218167126258,0.01122536720604,0.01122536720604
Treatment,1,1,1,43054,43172,336,118,1.22469692493556,0.873458773900732,0.029911688760649,0.049979924693395,0.000860598084653,0.001713655376574,0.000853057291921,0.043892411812207,0.043892411812207
Treatment,1,1,1,43034,43054,218,20,0.959794189469601,1.22469692493556,0.038120120838909,0.029911688760649,0.001095409580838,0.000860598084653,-0.000234811496184,-0.012081771044429,0
Treatment,1,1,1,42984,43034,198,50,0.974636497812132,0.959794189469601,0.037624544186999,0.038120120838909,0.001083615095727,0.001095409580838,1.17944851112169E-05,0.000606862402464,0.000606862402464
Treatment,1,1,1,42930,42984,148,54,1.05565864882856,0.974636497812132,0.032178426451802,0.037624544186999,0.000858505333264,0.001083615095727,0.000225109762463,0.011582587114074,0.011582587114074
Treatment,1,1,1,42905,42930,94,25,0,1.05565864882856,0,0.032178426451802,0,0.000858505333264,0.000858505333264,0.044172730234501,0.044172730234501
Treatment,1,3,2,43031,43054,218,23,0.858187444911323,0.730969536643301,0.038832968638907,0.046228357989315,0.001016420046892,0.001226891322714,0.000210471275822,0.010829392117652,0.010829392117652
Treatment,1,3,2,42984,43031,195,47,1.16605574403202,0.858187444911323,0.041341189335139,0.038832968638907,0.001565219057944,0.001016420046892,-0.000548799011053,-0.028237390880297,0
Treatment,1,3,2,42930,42984,148,54,0,1.16605574403202,0,0.041341189335139,0,0.001565219057944,0.001565219057944,0.080535317051122,0.080535317051122
Treatment,1,3,1,43129,43172,336,43,1.08804798215246,0.712839287455017,0.047675113504829,0.041151166951157,0.001942322766164,0.000948081821238,-0.000994240944926,-0.051156743408168,0
Treatment,1,3,1,43054,43129,293,75,1.47591758861736,1.08804798215246,0.042955834623706,0.047675113504829,0.002138928725802,0.001942322766164,-0.000196605959638,-0.010115979110542,0
Treatment,1,3,1,43031,43054,218,23,1.30531484520977,1.47591758861736,0.04301464306457,0.042955834623706,0.001896871037572,0.002138928725802,0.00024205768823,0.012454609830675,0.012454609830675
Treatment,1,3,1,42984,43031,195,47,0.808304865169504,1.30531484520977,0.038362127250328,0.04301464306457,0.000934265770173,0.001896871037572,0.0009626052674,0.049528990853807,0.049528990853807
Treatment,1,3,1,42930,42984,148,54,0.81075820297242,0.808304865169504,0.045661002772413,0.038362127250328,0.001327614914301,0.000934265770173,-0.000393349144129,-0.020239018860269,0
Treatment,1,3,1,42905,42930,94,25,0,0.81075820297242,0,0.045661002772413,0,0.001327614914301,0.001327614914301,0.068309855737043,0.068309855737043
Treatment,1,4,2,42905,42930,94,25,0,0.416181518128052,0,0.037127204633516,0,0.000450564711899,0.000450564711899,0.023182935155749,0.023182935155749
Treatment,1,4,1,42905,42930,94,25,0,1.19323427965995,0,0.044254043393858,0,0.001835361078179,0.001835361078179,0.094434951826194,0.094434951826194
Treatment,1,5,4,42930,43031,195,101,1.22506359695914,0.938253459083215,0.048831930666831,0.031021337521124,0.002294332234793,0.000709138547633,-0.00158519368716,-0.08156307293534,0
Treatment,1,5,4,42905,42930,94,25,0,1.22506359695914,0,0.048831930666831,0,0.002294332234793,0.002294332234793,0.118050424323587,0.118050424323587
Treatment,1,5,3,42905,42930,94,25,0,0.330870195952086,0,0.029805336618658,0,0.00023085303692,0.00023085303692,0.011878096184814,0.011878096184814
Treatment,1,5,2,42905,42930,94,25,0,1.47231430983133,0,0.03600027339833,0,0.001498656192055,0.001498656192055,0.07711045362323,0.07711045362323
Treatment,1,5,1,42984,43031,195,47,0.62311199749583,0.720319943149167,0.030845967638789,0.031191808377637,0.000465642692626,0.00055042281709,8.4780124464429E-05,0.004362197207299,0.004362197207299
Treatment,1,5,1,42930,42984,148,54,0.660119097629576,0.62311199749583,0.02023773791236,0.030845967638789,0.000212342102549,0.000465642692626,0.000253300590076,0.013033091583885,0.013033091583885
Treatment,1,5,1,42905,42930,94,25,0.291243475847556,0.660119097629576,0.015172825066652,0.02023773791236,5.26597736800807E-05,0.000212342102549,0.000159682328869,0.008216145157246,0.008216145157246
Treatment,1,5,1,42836,42905,69,69,0,0.291243475847556,0,0.015172825066652,0,5.26597736800807E-05,5.26597736800807E-05,0.002709506728557,0.002709506728557
Treatment,1,6,1,42930,42984,148,54,1.41197473287317,1.35913749558609,0.045480424709415,0.044033695076632,0.002293854303094,0.002069776904716,-0.000224077398377,-0.011529468818258,0
Treatment,1,6,1,42905,42930,94,25,0,1.41197473287317,0,0.045480424709415,0,0.002293854303094,0.002293854303094,0.118025833273053,0.118025833273053
Treatment,1,7,1,42930,42984,148,54,1.26834441227838,1.21545592718376,0.049557967156242,0.055066887900465,0.002446549732529,0.002894744005846,0.000448194273317,0.023060968826611,0.023060968826611
Treatment,1,7,1,42905,42930,94,25,0,1.26834441227838,0,0.049557967156242,0,0.002446549732529,0.002446549732529,0.125882481043496,0.125882481043496
Treatment,1,11,1,42984,43054,218,70,0.803607954719749,1.16077684599473,0.015429640138863,0.046000069425367,0.000150260802152,0.001929103781236,0.001778842979084,0.091526922431436,0.091526922431436
Treatment,1,11,1,42930,42984,148,54,0,0.803607954719749,0,0.015429640138863,0,0.000150260802152,0.000150260802152,0.007731378735931,0.007731378735931
Treatment,1,13,1,42905,42930,94,25,0,0.993803034035514,0,0.030727037927425,0,0.000736939088116,0.000736939088116,0.03791777438917,0.03791777438917
Control,2,4,3,42930,43178,342,248,0.200150541100328,0.146456013118689,0.022327002893072,0.023319503824424,7.83623600480978E-05,6.25512078094912E-05,-1.58111522386066E-05,-0.000813532235004,0
Control,2,4,3,42907,42930,94,23,0.137954726565882,0.200150541100328,0.011569600921945,0.022327002893072,1.45031795538771E-05,7.83623600480978E-05,6.38591804942207E-05,0.003285750529055,0.003285750529055
Control,2,4,3,42836,42907,71,71,0,0.137954726565882,0,0.011569600921945,0,1.45031795538771E-05,1.45031795538771E-05,0.000746233032171,0.000746233032171
Control,2,4,2,42907,43178,342,271,0.544685941923497,0.483607326717352,0.022523192844283,0.018872851775926,0.000217018100767,0.000135287543568,-8.17305571989735E-05,-0.004205287626276,0
Control,2,4,2,42836,42907,71,71,0,0.544685941923497,0,0.022523192844283,0,0.000217018100767,0.000217018100767,0.011166246323427,0.011166246323427
Control,2,4,1,43040,43178,342,138,1.73907154297888,2.12303389236056,0.028806671571107,0.033060463913125,0.001133426839226,0.001822488076006,0.000689061236779,0.035454312219113,0.035454312219113
Control,2,4,1,42983,43040,204,57,1.02860596079084,1.73907154297888,0.026052688591591,0.028806671571107,0.000548332534478,0.001133426839226,0.000585094304748,0.03010489496568,0.03010489496568
Control,2,4,1,42907,42983,147,76,1.39255391319626,1.02860596079084,0.028002440475257,0.026052688591591,0.000857617560171,0.000548332534478,-0.000309285025692,-0.015913662357279,0
Control,2,4,1,42836,42907,71,71,0,1.39255391319626,0,0.028002440475257,0,0.000857617560171,0.000857617560171,0.044127051588334,0.044127051588334
Control,2,5,1,43054,43178,342,124,0.505308271209098,0.545671987701719,0.026276818663413,0.025240324566465,0.00027402605375,0.000273030655323,-9.95398426214763E-07,-5.12162993675028E-05,0
Control,2,5,1,42983,43054,218,71,0,0.505308271209098,0,0.026276818663413,0,0.00027402605375,0.00027402605375,0.014099480201816,0.014099480201816
Control,2,9,5,42907,42930,94,23,0,0.217783614659093,0,0.041794214777161,0,0.000298777179725,0.000298777179725,0.015373001481592,0.015373001481592
Control,2,9,4,42907,42930,94,23,0,0.410146585516032,0,0.029211782326189,0,0.000274881234989,0.000274881234989,0.01414348189726,0.01414348189726
Control,2,9,3,42907,42930,94,23,0,1.40633629494265,0,0.048512589530817,0,0.002599488982599,0.002599488982599,0.133751674132716,0.133751674132716
Control,2,9,2,42907,42930,94,23,0.088095176703003,0.936052995562912,0.046861760184205,0.070532555938227,0.000151942478635,0.00365737559624,0.003505433117605,0.180365276090244,0.180365276090244
Control,2,9,2,42863,42907,71,44,0,0.088095176703003,0,0.046861760184205,0,0.000151942478635,0.000151942478635,0.007817906144394,0.007817906144394
Control,2,9,1,42863,42907,71,44,0,1.51715266163095,0,0.110558137556213,0,0.014564668114056,0.014564668114056,0.749396807019725,0.749396807019725
Treatment,4,1,1,42907,42921,85,14,0,1.33039020762765,0,0.122307574569533,0,0.015630599264713,0.015630599264713,0.80424223120311,0.80424223120311
Treatment,4,2,1,42907,42930,94,23,0,0.371744722521785,0,0.041938263679034,0,0.000513517897998,0.000513517897998,0.026422069496761,0.026422069496761
Treatment,4,6,1,42930,42983,147,53,0.152781303959636,0.213685400537713,0.102201541221839,0.096836168980022,0.001253357556993,0.001573765178554,0.000320407621561,0.016485953999229,0.016485953999229
Treatment,4,6,1,42863,42930,94,67,0.075686647446271,0.152781303959636,0.058174020614498,0.102201541221839,0.000201171896821,0.001253357556993,0.001052185660173,0.054138176575714,0.054138176575714
Treatment,4,6,1,42836,42863,27,27,0,0.075686647446271,0,0.058174020614498,0,0.000201171896821,0.000201171896821,0.010350910570627,0.010350910570627
Treatment,4,10,3,42907,42930,94,23,0,0.789146122524035,0,0.02679291169349,0,0.00044492533255,0.00044492533255,0.022892771806686,0.022892771806686
Treatment,4,10,2,42907,42930,94,23,0,0.345579294505346,0,0.017497721254532,0,8.30999155818442E-05,8.30999155818442E-05,0.004275745311391,0.004275745311391
Treatment,4,10,1,42907,42930,94,23,0,1.22916960465843,0,0.044544985422164,0,0.001915575774154,0.001915575774154,0.098562243747236,0.098562243747236
Treatment,4,11,3,42907,42930,94,23,0,0.732345635178837,0,0.035209515701935,0,0.000713060011517,0.000713060011517,0.036689122722156,0.036689122722156
Treatment,4,11,2,42907,42930,94,23,0,0.212006945689467,0,0.035740008158067,0,0.000212691074519,0.000212691074519,0.010943607563015,0.010943607563015
Treatment,4,11,1,42907,42930,94,23,0,1.06664989437289,0,0.023366242285029,0,0.000457393014122,0.000457393014122,0.023534272230027,0.023534272230027
Treatment,4,12,2,42907,42930,94,23,0,1.09294858969578,0,0.052758927646285,0,0.002389359701926,0.002389359701926,0.122939878713562,0.122939878713562
Treatment,4,12,1,42907,42930,94,23,0,1.23677582035689,0,0.063755165681859,0,0.003948313463077,0.003948313463077,0.203152827045027,0.203152827045027
Control,5,2,1,42836,42863,27,27,0,0.282215262903788,0,0.063353853936527,0,0.000889644415896,0.000889644415896,0.045774931459794,0.045774931459794
Treatment,1,3,2,43397,43413,577,16,1.25185364258644,1.325892051349,0.038709040321171,0.045621923788081,0.001473222175778,0.002167430786108,0.00069420861033,0.03571916036212,0.03571916036212
Treatment,1,3,2,43369,43397,561,28,0,1.25185364258644,0,0.038709040321171,0,0.001473222175778,0.001473222175778,0.075801795544759,0.075801795544759
Treatment,1,3,1,43397,43413,577,16,0.922087449801587,0.852455002894206,0.030713114966407,0.035035869656249,0.000683140012358,0.00082183976175,0.000138699749392,0.007136527143299,0.007136527143299
Treatment,1,3,1,43369,43397,561,28,0,0.922087449801587,0,0.030713114966407,0,0.000683140012358,0.000683140012358,0.035149647077385,0.035149647077385
Treatment,1,7,1,43299,43340,504,41,0,0.622790538406234,0,0.055872584990559,0,0.001526966175882,0.001526966175882,0.078567089045381,0.078567089045381
Treatment,1,11,1,43397,43413,577,16,0.825121238441522,0.831625337631699,0.021830857048906,0.039108899613288,0.000308851147286,0.000999007588953,0.000690156441667,0.035510663866757,0.035510663866757
Treatment,1,11,1,43369,43397,561,28,0.985795688403576,0.825121238441522,0.031717925034816,0.021830857048906,0.000778908301208,0.000308851147286,-0.000470057153921,-0.024185881031194,0
Treatment,1,11,1,43340,43369,533,29,0.34948108417595,0.985795688403576,0.022007385252092,0.031717925034816,0.000132938400132,0.000778908301208,0.000645969901075,0.033237130946315,0.033237130946315
Treatment,1,11,1,43299,43340,504,41,0,0.34948108417595,0,0.022007385252092,0,0.000132938400132,0.000132938400132,0.006840088068567,0.006840088068567
Treatment,6,6,2,43481,43542,706,61,0.194303475625332,0.238136705948029,0.033354778869199,0.028196034524248,0.000169780020653,0.000148693604921,-2.10864157320564E-05,-0.00108496070747,0
Treatment,6,6,2,43425,43481,645,56,0.011571274192031,0.194303475625332,0.030376666357902,0.033354778869199,8.3859310711223E-06,0.000169780020653,0.000161394089581,0.008304220491469,0.008304220491469
Treatment,6,6,2,43397,43425,589,28,0,0.011571274192031,0,0.030376666357902,0,8.3859310711223E-06,8.3859310711223E-06,0.000431481851792,0.000431481851792
Treatment,6,6,1,43299,43340,504,41,0.619864292377365,0.745048957290199,0.048940659336322,0.049790735814165,0.001166074055225,0.001450680526951,0.000284606471726,0.014643875129754,0.014643875129754
Treatment,6,6,1,43273,43299,463,26,0,0.619864292377365,0,0.048940659336322,0,0.001166074055225,0.001166074055225,0.059998083505302,0.059998083505302
Control,5,1,1,43340,43397,561,57,0.415654383547637,0.403832009242712,0.023551114531506,0.027188347147366,0.000181069447036,0.00023445323745,5.33837904136726E-05,0.002746759608206,0.002746759608206
Control,5,1,1,43273,43340,504,67,0.402055904001899,0.415654383547637,0.022762906846275,0.023551114531506,0.000163618259116,0.000181069447036,1.74511879195231E-05,0.000897917096578,0.000897917096578
Control,5,1,1,43213,43273,437,60,0.227530760423244,0.402055904001899,0.018000544379659,0.022762906846275,5.79030283984241E-05,0.000163618259116,0.000105715230718,0.005439372578417,0.005439372578417
Control,3,4,1,43273,43299,463,26,0.128237775601761,0.275285922045514,0.011820648419374,0.016745051141667,1.40730573739399E-05,6.06243144156728E-05,4.65512570417329E-05,0.002395204828331,0.002395204828331
Control,3,4,1,43243,43273,437,30,0,0.128237775601761,0,0.011820648419374,0,1.40730573739399E-05,1.40730573739399E-05,0.000724101927929,0.000724101927929
Control,2,11,2,43425,43481,645,56,0.851255375064585,1.24643138141025,0.039508042908504,0.067597467159424,0.001043568068918,0.004473208103723,0.003429640034805,0.17646548971683,0.17646548971683
Control,2,11,2,43273,43425,589,152,0.691011772074444,0.851255375064585,0.066087607863607,0.039508042908504,0.002370365906272,0.001043568068918,-0.001326797837354,-0.068267814624214,0
Control,2,11,2,43215,43273,437,58,0.408293852158296,0.691011772074444,0.056915963980361,0.066087607863607,0.001038797542885,0.002370365906272,0.001331568363387,0.068513272807617,0.068513272807617
Control,2,11,1,43273,43425,589,152,0.335287644508341,0.99150101812169,0.079941058900828,0.066291089187312,0.001682857042064,0.003422105192619,0.001739248150556,0.089489647167698,0.089489647167698
Control,2,11,1,43215,43273,437,58,0.163739049903566,0.335287644508341,0.054110899594293,0.079941058900828,0.000376540465976,0.001682857042064,0.001306316576088,0.067213990968482,0.067213990968482
Control,2,12,1,43215,43299,463,84,0.257347418963767,0.838189930234397,0.026081587445916,0.034341758949684,0.000137492098441,0.000776385456474,0.000638893358033,0.032873021121159,0.032873021121159
Control,2,9,1,43273,43299,463,26,0.750595702020468,0.763516282361549,0.026654872843021,0.021625687304604,0.000418840997064,0.000280445207302,-0.000138395789761,-0.007120887488809,0
Control,2,9,1,43215,43273,437,58,0.271297336429861,0.750595702020468,0.020843715452841,0.026654872843021,9.2573286648859E-05,0.000418840997064,0.000326267710415,0.016787473528667,0.016787473528667
Treatment,4,10,1,43299,43425,589,126,0.703983970796701,0.421740956638463,0.030413133911648,0.028102323850887,0.000511416811729,0.000261589392171,-0.000249827419558,-0.01285438631741,0
Treatment,4,10,1,43273,43299,463,26,0,0.703983970796701,0,0.030413133911648,0,0.000511416811729,0.000511416811729,0.026313962169583,0.026313962169583
Treatment,4,1,1,43340,43369,533,29,0.245038599695075,0.399007355711824,0.030514569025987,0.02995359045002,0.000179200354496,0.000281169726398,0.000101969371902,0.005246636663379,0.005246636663379
Treatment,4,1,1,43299,43340,504,41,0,0.245038599695075,0,0.030514569025987,0,0.000179200354496,0.000179200354496,0.009220407387547,0.009220407387547
Treatment,4,2,1,43299,43425,589,126,0.109716767413988,0.115448017884998,0.019659762960007,0.023629647735692,3.33057669808141E-05,5.06280099756175E-05,1.73222429948034E-05,0.000891282485057,0.000891282485057
Treatment,4,2,1,43273,43299,463,26,0,0.109716767413988,0,0.019659762960007,0,3.33057669808141E-05,3.33057669808141E-05,0.001713683774687,0.001713683774687
Treatment,4,6,1,43273,43299,463,26,0.361744412664844,0.529253719082779,0.030448683990297,0.04002683095085,0.000263407882511,0.000665972373769,0.000402564491258,0.020713176709973,0.020713176709973
Treatment,4,6,1,43215,43273,437,58,0.076206089377875,0.361744412664844,0.047701883127351,0.030448683990297,0.000136191688782,0.000263407882511,0.000127216193729,0.006545663013744,0.006545663013744
